date,regime_lagged,chosen_sector,strategy_return,benchmark_return,cumulative_strategy,cumulative_benchmark
2005-02-01,Expansion,XLE,16.78,3.3100000000000005,1.1678,1.0331
2005-03-01,Expansion,XLE,-1.91,-1.317777777777778,1.14549502,1.0194860377777777
2005-04-01,Expansion,XLE,-5.41,-2.263333333333333,1.083523739418,0.996411670456074
2005-05-01,Expansion,XLE,2.79,2.7677777777777774,1.1137540517477622,1.0239901312461415
2005-06-01,Expansion,XLE,6.98,0.5966666666666668,1.1914940845597561,1.0300999390292433
2005-07-01,Expansion,XLE,7.09,4.116666666666666,1.2759710151550427,1.0725057198526138
2005-08-01,Expansion,XLE,6.39,-0.8322222222222222,1.35750556302345,1.0635800889173959
2005-09-01,Expansion,XLE,6.29,1.3433333333333333,1.442892662937625,1.0778675147785197
2005-10-01,Expansion,XLE,-9.04,-2.3844444444444446,1.3124551662080637,1.052166362703912
2005-11-01,Expansion,XLE,1.5,3.558888888888889,1.3321419937011845,1.0896117944788077
2005-12-01,Expansion,XLE,1.8,0.6288888888888889,1.3561205495878057,1.0964642419863078
2006-01-01,Expansion,XLE,14.61,3.29,1.5542497618825843,1.1325379155476571
2006-02-01,Expansion,XLE,-9.23,-0.20666666666666675,1.4107925088608217,1.1301973371888587
2006-03-01,Slowdown,XLB,4.66,1.2633333333333334,1.476535439773736,1.1444754968820112
2006-04-01,Slowdown,XLB,3.55,1.6122222222222224,1.5289524478857037,1.1629269851706312
2006-05-01,Expansion,XLE,-2.78,-2.3022222222222224,1.486447569834481,1.136153821689814
2006-06-01,Expansion,XLE,2.54,0.6633333333333334,1.524203338108277,1.143690308707023
2006-07-01,Slowdown,XLB,-3.74,0.23555555555555557,1.4671981332630273,1.1463843347675329
2006-08-01,Slowdown,XLB,3.01,2.078888888888889,1.5113607970742444,1.170216391326978
2006-09-01,Slowdown,XLB,-0.01,1.6233333333333335,1.511209660994537,1.1892129040795194
2006-10-01,Slowdown,XLB,6.01,3.6955555555555555,1.6020333616203086,1.2331609276236137
2006-11-01,Slowdown,XLB,4.35,2.4299999999999997,1.6717218128507922,1.2631267381648674
2006-12-01,Slowdown,XLB,0.63,0.8999999999999999,1.6822536602717522,1.274494878808351
2007-01-01,Slowdown,XLB,4.05,1.7522222222222221,1.7503849335127581,1.296826861295915
2007-02-01,Slowdown,XLB,2.68,-0.8655555555555554,1.7972952497309,1.2856021043520316
2007-03-01,Slowdown,XLB,2.36,1.708888888888889,1.8397114176245495,1.3075716158686252
2007-04-01,Slowdown,XLB,1.5,4.14,1.8673070888889176,1.3617050807655864
2007-05-01,Expansion,XLE,7.78,3.6500000000000004,2.0125835804044754,1.4114073162135303
2007-06-01,Slowdown,XLB,-0.53,-1.6866666666666665,2.0019168874283317,1.387601579480062
2007-07-01,Expansion,XLE,0.01,-3.1666666666666665,2.0021170791170744,1.3436608627965267
2007-08-01,Expansion,XLE,1.2,1.322222222222222,2.0261424840664795,1.3614270453157253
2007-09-01,Expansion,XLE,7.4,4.120000000000001,2.176077027887399,1.417517839582733
2007-10-01,Expansion,XLE,2.54,2.0633333333333335,2.231349384395739,1.44676595767279
2007-11-01,Expansion,XLE,-4.21,-3.1655555555555552,2.1374095753126783,1.4009677775237925
2007-12-01,Expansion,XLE,8.28,-0.3788888888888889,2.314387088148568,1.3956596662778413
2008-01-01,Expansion,XLE,-12.29,-5.767777777777778,2.029948915015109,1.3151611181928604
2008-02-01,Expansion,XLE,9.27,-1.9399999999999997,2.21812517943701,1.289646992499919
2008-03-01,Expansion,XLE,-2.34,-0.3755555555555554,2.166221050238184,1.2848036515725305
2008-04-01,Expansion,XLE,10.38,4.403333333333333,2.3910747952529077,1.3413778390301077
2008-05-01,Contraction,XLK,6.51,2.456666666666667,2.546733764423872,1.374331021275614
2008-06-01,Recovery,XLK,-9.37,-7.080000000000001,2.308104810697355,1.2770283849693005
2008-07-01,Recovery,XLK,-2.44,-1.4877777777777779,2.2517870533163395,1.2580290404418129
2008-08-01,Recovery,XLK,1.79,1.4355555555555555,2.292094041570702,1.2760887462223773
2008-09-01,Recovery,XLK,-12.45,-9.893333333333333,2.0067283333951496,1.1498410329294435
2008-10-01,Contraction,XLK,-16.12,-16.912222222222223,1.6832437260518514,0.9553773622381206
2008-11-01,Contraction,XLK,-8.41,-6.795555555555556,1.5416829286908906,0.8904541628220279
2008-12-01,Contraction,XLK,1.59,1.1211111111111112,1.566195687257076,0.9004371433807771
2009-01-01,Contraction,XLK,-4.74,-7.924444444444443,1.4919580116810904,0.8290825021964249
2009-02-01,Contraction,XLK,-3.81,-11.225555555555554,1.4351144114360408,0.736013385310975
2009-03-01,Contraction,XLK,11.18,9.006666666666666,1.59556020263459,0.8023036575479836
2009-04-01,Contraction,XLK,10.44,10.837777777777777,1.7621366877896414,0.8892555450560172
2009-05-01,Contraction,XLK,2.32,5.902222222222223,1.8030182589463613,0.9417413834486569
2009-06-01,Contraction,XLK,3.64,-0.30555555555555547,1.8686481235720087,0.9388638403325638
2009-07-01,Contraction,XLK,8.18,7.761111111111112,2.0215035400801993,1.0117301061628188
2009-08-01,Contraction,XLK,1.62,3.4744444444444444,2.0542518974294985,1.0468821066291647
2009-09-01,Contraction,XLK,4.63,3.6811111111111114,2.1493637602804845,1.085419000176525
2009-10-01,Contraction,XLK,-1.25,-2.2344444444444442,2.1224967132769783,1.0611659156281361
2009-11-01,Contraction,XLK,5.53,6.308888888888889,2.239870781521195,1.1281136941718757
2009-12-01,Contraction,XLK,5.8,2.2977777777777777,2.3697832868494246,1.154035239944625
2010-01-01,Recovery,XLK,-8.59,-3.6300000000000003,2.1662189025090592,1.1121437607346352
2010-02-01,Expansion,XLE,3.01,3.073333333333333,2.231422091474582,1.1463236456478796
2010-03-01,Expansion,XLE,2.82,5.789999999999999,2.294348194454165,1.212695784730892
2010-04-01,Expansion,XLE,4.16,1.6566666666666667,2.3897930793434585,1.2327861115646004
2010-05-01,Expansion,XLE,-11.45,-7.826666666666666,2.1161617717586325,1.1363000518994777
2010-06-01,Expansion,XLE,-5.93,-5.115555555555556,1.9906733786933455,1.0781719914667534
2010-07-01,Expansion,XLE,8.37,7.567777777777778,2.157292740489978,1.1597656518431985
2010-08-01,Expansion,XLE,-4.9,-3.8133333333333326,2.051585396205969,1.1155399216529112
2010-09-01,Expansion,XLE,10.0,8.445555555555554,2.256743935826566,1.2097534654805087
2010-10-01,Expansion,XLE,5.67,3.776666666666666,2.3847013169879325,1.255441821360156
2010-11-01,Expansion,XLE,5.86,0.11444444444444452,2.5244448141634255,1.2568786047779348
2010-12-01,Expansion,XLE,9.32,6.59,2.7597230708434566,1.3397069048328007
2011-01-01,Expansion,XLE,7.18,1.8766666666666663,2.957871187330017,1.3648487377468295
2011-02-01,Expansion,XLE,7.37,3.371111111111111,3.17586629383624,1.4108593051948726
2011-03-01,Expansion,XLE,1.88,0.5044444444444444,3.235572580160361,1.4179763065788555
2011-04-01,Expansion,XLE,0.92,3.11,3.265339847897837,1.4620753697134579
2011-05-01,Expansion,XLE,-4.19,-0.7988888888888886,3.1285221082709174,1.4503950120376359
2011-06-01,Expansion,XLE,-1.92,-1.3600000000000003,3.0684544837921157,1.430669639873924
2011-07-01,Expansion,XLE,1.46,-2.1755555555555555,3.1132539192554805,1.3995446270420002
2011-08-01,Expansion,XLE,-10.22,-4.856666666666666,2.79507936870757,1.3315734096553271
2011-09-01,Expansion,XLE,-14.42,-7.682222222222222,2.3920289237399386,1.2292789812735834
2011-10-01,Expansion,XLE,19.14,11.264444444444445,2.849863259743763,1.367750429186379
2011-11-01,Expansion,XLE,1.66,0.07666666666666669,2.897170989855509,1.3687990378487551
2011-12-01,Expansion,XLE,-2.04,0.9111111111111112,2.838068701662457,1.381270317971377
2012-01-01,Expansion,XLE,2.26,4.332222222222223,2.902209054320028,1.4411100176354925
2012-02-01,Expansion,XLE,5.93,3.3544444444444443,3.0743100512412056,1.4894512525603985
2012-03-01,Expansion,XLE,-3.81,2.5677777777777777,2.9571788382889155,1.527697050834477
2012-04-01,Expansion,XLE,-0.71,-0.3499999999999999,2.936182868537064,1.5223501111565563
2012-05-01,Expansion,XLE,-10.68,-5.561111111111111,2.622598538177306,1.4376905299750167
2012-06-01,Expansion,XLE,4.81,4.083333333333333,2.748745527863634,1.4963962266156632
2012-07-01,Expansion,XLE,4.94,1.2733333333333334,2.884533556940098,1.5154503385679026
2012-08-01,Expansion,XLE,2.7,1.7044444444444444,2.9624159629774804,1.5412803476719377
2012-09-01,Expansion,XLE,3.12,2.5133333333333336,3.0548433410223774,1.5800178604100923
2012-10-01,Expansion,XLE,-2.03,-1.1322222222222222,2.992830021199623,1.562128547079449
2012-11-01,Expansion,XLE,-1.22,0.4066666666666667,2.9563174949409876,1.5684812031709054
2012-12-01,Expansion,XLE,1.02,1.0311111111111113,2.9864719333893857,1.58465398713249
2013-01-01,Expansion,XLE,8.3,5.511111111111111,3.2343491038607044,1.671986029090014
2013-02-01,Expansion,XLE,0.44,1.3088888888888892,3.2485802399176915,1.6938704684485477
2013-03-01,Expansion,XLE,2.54,3.828888888888889,3.3310941780116012,1.7587268866071442
2013-04-01,Expansion,XLE,-1.31,2.03,3.2874568442796495,1.7944290424052691
2013-05-01,Expansion,XLE,2.85,1.3177777777777775,3.3811493643416193,1.8180756295640763
2013-06-01,Expansion,XLE,-2.27,-1.2844444444444445,3.3043972737710643,1.794723458144342
2013-07-01,Expansion,XLE,5.26,5.21111111111111,3.478208570371422,1.8882484916854192
2013-08-01,Expansion,XLE,-1.03,-2.8555555555555556,3.4423830220965965,1.8343285069784023
2013-09-01,Expansion,XLE,2.11,3.2122222222222216,3.5150173038628343,1.8932512149081195
2013-10-01,Expansion,XLE,4.2,4.506666666666667,3.6626480306250735,1.9785737363266453
2013-11-01,Expansion,XLE,0.06,2.2588888888888885,3.664845619443448,2.0232675186150018
2013-12-01,Expansion,XLE,2.87,2.4877777777777776,3.770026688721475,2.0736019183281016
2014-01-01,Expansion,XLE,-5.8,-3.1411111111111114,3.5513651407756295,2.0084677780712847
2014-02-01,Recovery,XLK,4.39,4.831111111111111,3.70727007045568,2.1054990880607733
2014-03-01,Expansion,XLE,2.11,1.0077777777777779,3.785493468942294,2.1267178399815636
2014-04-01,Expansion,XLE,5.25,1.2177777777777778,3.9842318760617643,2.1526165372328947
2014-05-01,Expansion,XLE,1.67,2.031111111111111,4.0507685483919955,2.1963385709002474
2014-06-01,Expansion,XLE,5.51,2.236666666666667,4.273965895408394,2.245463343602716
2014-07-01,Expansion,XLE,-3.47,-2.29,4.125659278837723,2.1940422330342138
2014-08-01,Expansion,XLE,2.18,4.067777777777778,4.215598651116386,2.2832909954246388
2014-09-01,Expansion,XLE,-7.75,-1.6500000000000001,3.8888897556548656,2.2456166940001325
2014-10-01,Expansion,XLE,-3.53,2.376666666666667,3.751611947280249,2.298987517427536
2014-11-01,Expansion,XLE,-8.69,2.084444444444445,3.425596869061595,2.3469086350130253
2014-12-01,Expansion,XLE,-0.21,0.11333333333333334,3.4184031156365657,2.3495684647993738
2015-01-01,Expansion,XLE,-4.56,-2.304444444444444,3.2625239335635383,2.295423964843886
2015-02-01,Expansion,XLE,4.59,4.699999999999999,3.412273782114105,2.4033088911915486
2015-03-01,Expansion,XLE,-1.16,-1.7166666666666668,3.372691406241581,2.362052088559427
2015-04-01,Recovery,XLK,2.75,1.1266666666666667,3.4654404199132247,2.38866454209053
2015-05-01,Recovery,XLK,1.86,0.7366666666666667,3.5298976117236105,2.406261037550597
2015-06-01,Recovery,XLK,-4.11,-2.477777777777778,3.38481881988177,2.3466392362868436
2015-07-01,Recovery,XLK,2.85,1.4955555555555557,3.4812861562484003,2.3817345297539783
2015-08-01,Recovery,XLK,-5.52,-5.7555555555555555,3.2891191604234886,2.244652475708138
2015-09-01,Recovery,XLK,-1.37,-2.663333333333333,3.2440582279256867,2.1848698981051116
2015-10-01,Recovery,XLK,10.51,8.185555555555558,3.5850087476806762,2.3637136374311156
2015-11-01,Recovery,XLK,0.71,0.10555555555555565,3.6104623097892095,2.3662086684928485
2015-12-01,Recovery,XLK,-2.08,-1.9944444444444445,3.535364693745594,2.31901595116013
2016-01-01,Recovery,XLK,-3.71,-4.433333333333333,3.404202663607632,2.216206243992031
2016-02-01,Recovery,XLK,-0.65,0.8977777777777778,3.3820753462941826,2.236102851160315
2016-03-01,Recovery,XLK,8.82,6.98,3.6803743918373297,2.392182830171305
2016-04-01,Recovery,XLK,-5.03,1.4700000000000004,3.495251559927912,2.427347917774823
2016-05-01,Recovery,XLK,4.89,1.0633333333333335,3.6661693612083868,2.453158717300495
2016-06-01,Recovery,XLK,-1.38,1.2000000000000002,3.615576224023711,2.482596621908101
2016-07-01,Recovery,XLK,7.1,2.8811111111111107,3.872282135929394,2.5541229890259647
2016-08-01,Recovery,XLK,1.16,-0.3666666666666667,3.9172006087061755,2.5447578713995362
2016-09-01,Recovery,XLK,2.1,0.0055555555555556095,3.999461821489005,2.544899246836836
2016-10-01,Recovery,XLK,-0.75,-1.5844444444444443,3.9694658578278377,2.504576732103621
2016-11-01,Recovery,XLK,0.17,3.98,3.9762139497861453,2.6042588860413454
2016-12-01,Recovery,XLK,2.26,1.8777777777777775,4.066076385051312,2.653161080679233
2017-01-01,Recovery,XLK,3.56,1.8311111111111111,4.210828704359139,2.7017434080232263
2017-02-01,Recovery,XLK,4.53,3.3766666666666665,4.401579244666608,2.7929722771008105
2017-03-01,Recovery,XLK,2.23,-0.1422222222222222,4.499734461822673,2.7890000498622673
2017-04-01,Recovery,XLK,2.01,0.8044444444444444,4.590179124505308,2.8114360058189374
2017-05-01,Expansion,XLE,-3.54,1.0755555555555556,4.427686783497821,2.8416745619704122
2017-06-01,Expansion,XLE,-0.11,0.5711111111111111,4.422816328035974,2.8579036811354435
2017-07-01,Expansion,XLE,2.62,1.8299999999999998,4.538694115830516,2.910203318500222
2017-08-01,Expansion,XLE,-5.48,-0.11333333333333338,4.289973678283004,2.9069050880725884
2017-09-01,Expansion,XLE,10.18,2.4744444444444444,4.726692998732213,2.9788348395296733
2017-10-01,Expansion,XLE,-0.83,1.8633333333333333,4.687461446842736,3.034340462039576
2017-11-01,Expansion,XLE,1.75,3.1100000000000003,4.769492022162484,3.1287084504090066
2017-12-01,Expansion,XLE,5.27,1.1166666666666665,5.020844251730447,3.1636456947719074
2018-01-01,Expansion,XLE,3.58,4.54111111111111,5.200590475942397,3.3073103609333825
2018-02-01,Expansion,XLE,-10.83,-4.752222222222222,4.637366527397835,3.1501396230032483
2018-03-01,Expansion,XLE,1.72,-1.7133333333333334,4.7171292316690785,3.0961672307957926
2018-04-01,Expansion,XLE,9.49,0.8644444444444445,5.164784795754474,3.122931876413116
2018-05-01,Expansion,XLE,2.99,1.4888888888888892,5.319211861147533,3.1694288621286004
2018-06-01,Expansion,XLE,0.57,0.8999999999999999,5.349531368756074,3.1979537218877576
2018-07-01,Expansion,XLE,1.55,3.656666666666667,5.432449104971794,3.3148922296514534
2018-08-01,Expansion,XLE,-3.48,1.6722222222222223,5.243399876118776,3.370324594158403
2018-09-01,Expansion,XLE,2.45,0.4900000000000001,5.371863173083685,3.3868391846697787
2018-10-01,Expansion,XLE,-11.33,-6.332222222222223,4.763231075573304,3.172377001187189
2018-11-01,Expansion,XLE,-1.56,2.5655555555555556,4.688924670794361,3.2537660955843135
2018-12-01,Expansion,XLE,-12.44,-8.856666666666666,4.105622441747542,2.965590878385396
2019-01-01,Expansion,XLE,11.21,7.486666666666666,4.565862717467442,3.1876147821471825
2019-02-01,Expansion,XLE,2.3,3.2544444444444443,4.670877559969193,3.2913539343350617
2019-03-01,Recovery,XLK,4.77,1.6877777777777778,4.893678419579723,3.3469046746267836
2019-04-01,Recovery,XLK,6.36,3.2588888888888885,5.204916367064994,3.4559765791898984
2019-05-01,Recovery,XLK,-8.66,-6.332222222222223,4.754170609677166,3.23713646224764
2019-06-01,Recovery,XLK,8.94,7.4766666666666675,5.179193462182304,3.479166365075022
2019-07-01,Recovery,XLK,3.5,0.7099999999999999,5.360465233358684,3.503868446267055
2019-08-01,Recovery,XLK,-1.54,-1.5922222222222222,5.277914068764961,3.4480790742281586
2019-09-01,Recovery,XLK,1.57,2.598888888888889,5.360777319644571,3.537690818168377
2019-10-01,Recovery,XLK,3.9,1.0544444444444445,5.569847635110709,3.5749938024621746
2019-11-01,Recovery,XLK,5.37,2.8355555555555556,5.868948453116155,3.6763647378386572
2019-12-01,Recovery,XLK,4.32,3.0622222222222226,6.122487026290772,3.788943195810695
2020-01-01,Recovery,XLK,3.99,-1.3277777777777777,6.366774258639774,3.738634450044098
2020-02-01,Recovery,XLK,-7.3,-9.387777777777778,5.901999737759071,3.387659755950514
2020-03-01,Recovery,XLK,-8.58,-14.549999999999999,5.395608160259343,2.8947552614597143
2020-04-01,Contraction,XLK,13.74,13.303333333333335,6.136964721478976,3.279854203075905
2020-05-01,Contraction,XLK,7.18,4.430000000000001,6.577598788481167,3.4251517442721675
2020-06-01,Contraction,XLK,6.95,0.5800000000000001,7.034741904280608,3.4450176243889463
2020-07-01,Contraction,XLK,5.68,4.855555555555555,7.434315244443746,3.6122923690398316
2020-08-01,Contraction,XLK,11.88,4.676666666666666,8.317511895483664,3.781227242165261
2020-09-01,Contraction,XLK,-5.34,-3.0188888888888887,7.873356760264836,3.667076193087894
2020-10-01,Recovery,XLK,-5.0,-1.8122222222222224,7.479688922251594,3.600620623410934
2020-11-01,Recovery,XLK,11.38,12.307777777777778,8.330877521603824,4.043777008361189
2020-12-01,Recovery,XLK,5.54,3.1466666666666665,8.792408136300676,4.171021191557621
2021-01-01,Recovery,XLK,-0.84,-1.03,8.71855190795575,4.128059673284578
2021-02-01,Recovery,XLK,1.37,4.054444444444443,8.837996069094743,4.295429559371416
2021-03-01,Contraction,XLK,1.84,6.086666666666667,9.000615196766086,4.556878038551823
2021-04-01,Expansion,XLE,0.67,4.187777777777779,9.060919318584418,4.747709964410732
2021-05-01,Expansion,XLE,5.71,1.7399999999999998,9.578297811675588,4.830320117791479
2021-06-01,Contraction,XLK,6.89,0.3944444444444447,10.238242530900036,4.84937304714499
2021-07-01,Contraction,XLK,3.89,1.181111111111111,10.636510165352048,4.906649531024048
2021-08-01,Contraction,XLK,3.56,2.0844444444444448,11.015169927238581,5.0089259145818374
2021-09-01,Contraction,XLK,-5.84,-3.3233333333333337,10.371884003487848,4.842462610020568
2021-10-01,Contraction,XLK,8.18,7.292222222222222,11.220304114973155,5.195585744571289
2021-11-01,Expansion,XLE,-5.01,-1.6500000000000001,10.658166878812999,5.109858579785864
2021-12-01,Expansion,XLE,2.98,5.764444444444444,10.975780251801627,5.404413538807297
2022-01-01,Expansion,XLE,18.77,-2.3066666666666666,13.035934205064793,5.279751733178809
2022-02-01,Expansion,XLE,7.07,-1.0733333333333333,13.957574753362874,5.223082397909357
2022-03-01,Expansion,XLE,9.34,4.935555555555556,15.261212235326965,5.480870531370616
2022-04-01,Expansion,XLE,-1.69,-5.848888888888888,15.00329774854994,5.160300503846894
2022-05-01,Expansion,XLE,16.03,1.7155555555555553,17.408326377642492,5.248828325824001
2022-06-01,Contraction,XLK,-9.26,-8.79,15.796315355072798,4.7874563159840715
2022-07-01,Recovery,XLK,13.45,8.475555555555557,17.92091977033009,5.193219835743254
2022-08-01,Contraction,XLK,-6.21,-2.602222222222222,16.808030652592592,5.058080715128691
2022-09-01,Contraction,XLK,-11.97,-8.786666666666667,14.796109383477258,4.613644022959384
2022-10-01,Slowdown,XLB,8.93,9.892222222222223,16.117401951421776,5.070035942252798
2022-11-01,Contraction,XLK,6.33,5.918888888888889,17.137633494946773,5.370125736301473
2022-12-01,Contraction,XLK,-8.21,-4.608888888888889,15.73063378501164,5.122622607921712
2023-01-01,Contraction,XLK,9.26,4.651111111111111,17.18729047350372,5.360881477219048
2023-02-01,Contraction,XLK,0.41,-3.1144444444444437,17.257758364445085,5.193919801878549
2023-03-01,Contraction,XLK,10.86,1.7033333333333331,19.131950922823822,5.2823895691705465
2023-04-01,Contraction,XLK,-0.12,1.3444444444444443,19.108992581716436,5.353408362267173
2023-05-01,Contraction,XLK,8.92,-3.2377777777777776,20.81351472000554,5.180076895959989
2023-06-01,Contraction,XLK,6.05,6.968888888888888,22.072732360565876,5.541070699198445
2023-07-01,Contraction,XLK,2.58,3.2766666666666664,22.64220885546848,5.722633115775514
2023-08-01,Contraction,XLK,-1.51,-2.261111111111111,22.300311501750905,5.59323802254659
2023-09-01,Contraction,XLK,-6.48,-4.091111111111111,20.855251316437446,5.364412440335295
2023-10-01,Contraction,XLK,0.05,-2.5733333333333337,20.865678942095663,5.226368226870666
2023-11-01,Contraction,XLK,12.9,7.331111111111111,23.557351525626004,5.609519088658362
2023-12-01,Contraction,XLK,4.18,4.014444444444444,24.542048819397174,5.834710116073059
2024-01-01,Slowdown,XLB,-3.89,-0.3088888888888888,23.58736312032262,5.816687344825633
2024-02-01,Contraction,XLK,4.7,4.438888888888889,24.695969186977784,6.074883633076504
2024-03-01,Contraction,XLK,0.79,4.356666666666666,24.89106734355491,6.339546063357537
2024-04-01,Slowdown,XLB,-4.59,-3.1077777777777778,23.748567352485736,6.142527059588526
2024-05-01,Contraction,XLK,7.08,3.2022222222222223,25.429965921041724,6.339224426096683
2024-06-01,Contraction,XLK,7.84,0.1577777777777777,27.423675249251396,6.3492263135245235
2024-07-01,Contraction,XLK,-3.28,3.174444444444445,26.52417870107595,6.550778975499407
2024-08-01,Contraction,XLK,0.7,2.6666666666666665,26.70984795198348,6.725466414846057
2024-09-01,Contraction,XLK,2.65,2.0533333333333332,27.41765892271104,6.863562658564229
2024-10-01,Recovery,XLK,-1.56,-1.4799999999999998,26.98994344351675,6.761981931217478
2024-11-01,Recovery,XLK,5.17,5.941111111111112,28.385323519546567,7.1637187910643645
2024-12-01,Recovery,XLK,-0.35,-5.79,28.285974887228157,6.748939473061738
2025-01-01,Recovery,XLK,-0.74,3.578888888888889,28.07665867306267,6.990476517980981
2025-02-01,Expansion,XLE,3.83,0.3066666666666667,29.15199470024097,7.01191397930279
2025-03-01,Recovery,XLK,-8.29,-2.8955555555555557,26.735294339590993,6.808880114524311
2025-04-01,Expansion,XLE,-13.86,-2.2477777777777783,23.02978254412368,6.655831620394503
2025-05-01,Expansion,XLE,1.28,3.9311111111111114,23.324563760688463,6.917479756760677
2025-06-01,Expansion,XLE,4.87,2.9388888888888887,24.46047001583399,7.120776800723255
2025-07-01,Expansion,XLE,2.83,1.2933333333333334,25.152701317282094,7.212872180679275
2025-08-01,Expansion,XLE,3.65,2.391111111111111,26.07077491536289,7.38533996882174
2025-09-01,Expansion,XLE,-0.32,1.5444444444444445,25.987348435633727,7.499402441673542
2025-10-01,Expansion,XLE,-1.35,0.2166666666666666,25.636519231752672,7.515651146963835
2025-11-01,Expansion,XLE,2.63,1.8588888888888886,26.310759687547765,7.655358751062397
2025-12-01,Expansion,XLE,-0.3,0.016666666666666705,26.23182740848512,7.656634644187574
2026-01-01,Expansion,XLE,14.18,4.136666666666667,29.951500535008307,7.973364097302134
2026-02-01,Expansion,XLE,9.54,3.9777777777777774,32.808873686048095,8.290526802505928
2026-03-01,Expansion,XLE,10.27,-4.228888888888889,36.17834501360524,7.9399296357244
2026-04-01,Expansion,XLE,-2.63,5.2266666666666675,35.22685453974742,8.354923291351595
2026-05-01,Expansion,XLE,-5.63,1.0311111111111115,33.24358262915964,8.441071833733531
2026-06-01,Expansion,XLE,-4.97,1.5155555555555558,31.591376572490407,8.569000966858114
