date,pmi,yield_curve_spread
2005-01-01,54.91,1.0
2005-02-01,55.12,0.78
2005-03-01,54.67,0.77
2005-04-01,54.82,0.69
2005-05-01,54.33,0.5
2005-06-01,55.44,0.36
2005-07-01,54.15,0.31
2005-08-01,54.26,0.22
2005-09-01,52.96,0.25
2005-10-01,53.47,0.19
2005-11-01,54.48,0.12
2005-12-01,53.77,0.06
2006-01-01,53.92,0.02
2006-02-01,52.67,-0.1
2006-03-01,53.1,-0.01
2006-04-01,53.03,0.1
2006-05-01,52.55,0.14
2006-06-01,52.6,-0.02
2006-07-01,52.69,-0.03
2006-08-01,52.95,-0.03
2006-09-01,54.28,-0.05
2006-10-01,52.24,-0.07
2006-11-01,51.37,-0.15
2006-12-01,52.76,-0.11
2007-01-01,51.61,-0.12
2007-02-01,52.24,-0.13
2007-03-01,53.2,-0.01
2007-04-01,53.49,0.03
2007-05-01,53.73,-0.02
2007-06-01,53.84,0.12
2007-07-01,54.2,0.19
2007-08-01,53.13,0.36
2007-09-01,53.34,0.51
2007-10-01,53.71,0.56
2007-11-01,54.15,0.81
2007-12-01,52.72,0.98
2008-01-01,52.83,1.27
2008-02-01,51.71,1.76
2008-03-01,50.44,1.89
2008-04-01,48.82,1.63
2008-05-01,48.27,1.43
2008-06-01,47.18,1.33
2008-07-01,46.16,1.43
2008-08-01,45.15,1.47
2008-09-01,41.44,1.61
2008-10-01,41.03,2.2
2008-11-01,38.26,2.31
2008-12-01,35.11,1.6
2009-01-01,32.51,1.71
2009-02-01,33.15,1.89
2009-03-01,32.02,1.89
2009-04-01,32.25,2.0
2009-05-01,31.81,2.36
2009-06-01,32.09,2.54
2009-07-01,34.26,2.54
2009-08-01,36.35,2.47
2009-09-01,40.52,2.45
2009-10-01,41.12,2.44
2009-11-01,44.51,2.6
2009-12-01,47.8,2.72
2010-01-01,52.29,2.8
2010-02-01,52.35,2.83
2010-03-01,55.53,2.77
2010-04-01,57.2,2.79
2010-05-01,59.77,2.59
2010-06-01,60.06,2.48
2010-07-01,58.88,2.39
2010-08-01,57.84,2.18
2010-09-01,56.82,2.17
2010-10-01,56.77,2.16
2010-11-01,55.75,2.31
2010-12-01,56.37,2.67
2011-01-01,55.25,2.78
2011-02-01,55.41,2.8
2011-03-01,54.75,2.72
2011-04-01,53.26,2.72
2011-05-01,51.93,2.61
2011-06-01,52.16,2.59
2011-07-01,52.2,2.6
2011-08-01,52.52,2.07
2011-09-01,52.66,1.76
2011-10-01,53.19,1.87
2011-11-01,52.83,1.76
2011-12-01,52.99,1.72
2012-01-01,53.82,1.73
2012-02-01,54.06,1.69
2012-03-01,52.81,1.83
2012-04-01,53.95,1.76
2012-05-01,53.68,1.52
2012-06-01,53.89,1.33
2012-07-01,53.1,1.28
2012-08-01,52.42,1.41
2012-09-01,51.95,1.47
2012-10-01,51.26,1.47
2012-11-01,52.06,1.39
2012-12-01,52.09,1.46
2013-01-01,50.97,1.65
2013-02-01,50.99,1.72
2013-03-01,51.45,1.7
2013-04-01,50.59,1.53
2013-05-01,51.13,1.68
2013-06-01,51.04,1.97
2013-07-01,50.34,2.24
2013-08-01,51.33,2.38
2013-09-01,51.56,2.41
2013-10-01,51.93,2.28
2013-11-01,51.34,2.41
2013-12-01,50.44,2.56
2014-01-01,49.57,2.46
2014-02-01,50.04,2.38
2014-03-01,51.01,2.32
2014-04-01,51.33,2.29
2014-05-01,51.32,2.17
2014-06-01,51.39,2.15
2014-07-01,52.75,2.04
2014-08-01,51.31,1.95
2014-09-01,51.33,1.97
2014-10-01,51.01,1.86
2014-11-01,51.72,1.8
2014-12-01,51.72,1.57
2015-01-01,52.19,1.33
2015-02-01,50.5,1.36
2015-03-01,49.93,1.4
2015-04-01,49.91,1.4
2015-05-01,49.67,1.59
2015-06-01,48.95,1.68
2015-07-01,49.21,1.66
2015-08-01,49.49,1.47
2015-09-01,49.21,1.46
2015-10-01,49.14,1.43
2015-11-01,48.17,1.38
2015-12-01,48.11,1.26
2016-01-01,49.12,1.19
2016-02-01,49.53,1.05
2016-03-01,49.16,1.01
2016-04-01,49.07,1.04
2016-05-01,48.97,0.99
2016-06-01,49.62,0.91
2016-07-01,48.92,0.83
2016-08-01,48.79,0.82
2016-09-01,49.22,0.86
2016-10-01,49.48,0.92
2016-11-01,49.64,1.16
2016-12-01,49.91,1.3
2017-01-01,49.64,1.23
2017-02-01,49.86,1.22
2017-03-01,49.58,1.17
2017-04-01,50.91,1.06
2017-05-01,50.82,1.0
2017-06-01,50.61,0.84
2017-07-01,50.19,0.95
2017-08-01,50.45,0.87
2017-09-01,50.29,0.82
2017-10-01,51.27,0.81
2017-11-01,51.46,0.66
2017-12-01,51.18,0.56
2018-01-01,50.7,0.55
2018-02-01,51.7,0.68
2018-03-01,51.98,0.57
2018-04-01,51.49,0.48
2018-05-01,50.84,0.47
2018-06-01,51.51,0.38
2018-07-01,51.97,0.28
2018-08-01,52.37,0.25
2018-09-01,52.37,0.24
2018-10-01,50.91,0.29
2018-11-01,50.57,0.26
2018-12-01,51.2,0.16
2019-01-01,50.63,0.17
2019-02-01,49.18,0.17
2019-03-01,49.0,0.16
2019-04-01,47.63,0.19
2019-05-01,48.43,0.19
2019-06-01,48.09,0.26
2019-07-01,47.34,0.22
2019-08-01,47.76,0.06
2019-09-01,46.92,0.05
2019-10-01,46.48,0.16
2019-11-01,47.54,0.2
2019-12-01,47.24,0.25
2020-01-01,47.75,0.24
2020-02-01,48.55,0.17
2020-03-01,44.32,0.42
2020-04-01,30.34,0.43
2020-05-01,33.93,0.5
2020-06-01,40.18,0.54
2020-07-01,44.17,0.48
2020-08-01,44.89,0.51
2020-09-01,45.65,0.54
2020-10-01,47.43,0.64
2020-11-01,47.16,0.7
2020-12-01,47.88,0.8
2021-01-01,49.18,0.95
2021-02-01,44.85,1.14
2021-03-01,52.45,1.46
2021-04-01,71.33,1.47
2021-05-01,67.42,1.47
2021-06-01,58.88,1.32
2021-07-01,55.96,1.1
2021-08-01,53.85,1.07
2021-09-01,52.61,1.13
2021-10-01,53.0,1.19
2021-11-01,53.04,1.05
2021-12-01,52.11,0.78
2022-01-01,50.16,0.78
2022-02-01,55.1,0.5
2022-03-01,52.37,0.22
2022-04-01,52.09,0.21
2022-05-01,50.54,0.28
2022-06-01,49.97,0.15
2022-07-01,49.16,-0.14
2022-08-01,49.73,-0.35
2022-09-01,50.96,-0.34
2022-10-01,49.8,-0.39
2022-11-01,48.43,-0.61
2022-12-01,46.82,-0.67
2023-01-01,49.47,-0.68
2023-02-01,48.94,-0.79
2023-03-01,47.86,-0.64
2023-04-01,48.84,-0.56
2023-05-01,49.1,-0.56
2023-06-01,48.96,-0.89
2023-07-01,49.27,-0.93
2023-08-01,49.25,-0.73
2023-09-01,49.3,-0.64
2023-10-01,48.52,-0.27
2023-11-01,49.79,-0.38
2023-12-01,51.56,-0.44
2024-01-01,48.27,-0.26
2024-02-01,49.46,-0.34
2024-03-01,50.24,-0.38
2024-04-01,48.76,-0.33
2024-05-01,49.5,-0.37
2024-06-01,50.0,-0.43
2024-07-01,48.83,-0.25
2024-08-01,49.34,-0.09
2024-09-01,48.75,0.1
2024-10-01,48.61,0.12
2024-11-01,48.43,0.1
2024-12-01,48.88,0.17
2025-01-01,50.02,0.36
2025-02-01,50.0,0.24
2025-03-01,50.31,0.31
2025-04-01,50.79,0.5
2025-05-01,50.15,0.5
2025-06-01,50.67,0.49
2025-07-01,51.98,0.51
2025-08-01,51.51,0.56
2025-09-01,52.04,0.55
2025-10-01,51.85,0.54
2025-11-01,51.47,0.54
2025-12-01,50.87,0.64
2026-01-01,51.37,0.68
2026-02-01,50.83,0.65
2026-03-01,50.5,0.53
2026-04-01,51.3,0.52
2026-05-01,51.49,0.49
2026-06-01,51.15,0.36
