date,pmi,yield_curve_spread,pmi_change,pmi_change_3mo,regime
2005-01-01,54.91,1.0,0.0,0.0,Expansion
2005-02-01,55.12,0.78,0.21000000000000085,0.0,Expansion
2005-03-01,54.67,0.77,-0.44999999999999574,0.0,Expansion
2005-04-01,54.82,0.69,0.14999999999999858,-0.0899999999999963,Expansion
2005-05-01,54.33,0.5,-0.490000000000002,-0.7899999999999991,Expansion
2005-06-01,55.44,0.36,1.1099999999999994,0.769999999999996,Expansion
2005-07-01,54.15,0.31,-1.2899999999999991,-0.6700000000000017,Expansion
2005-08-01,54.26,0.22,0.10999999999999943,-0.07000000000000028,Expansion
2005-09-01,52.96,0.25,-1.2999999999999972,-2.479999999999997,Expansion
2005-10-01,53.47,0.19,0.509999999999998,-0.6799999999999997,Expansion
2005-11-01,54.48,0.12,1.009999999999998,0.21999999999999886,Expansion
2005-12-01,53.77,0.06,-0.7099999999999937,0.8100000000000023,Expansion
2006-01-01,53.92,0.02,0.14999999999999858,0.45000000000000284,Expansion
2006-02-01,52.67,-0.1,-1.25,-1.8099999999999952,Slowdown
2006-03-01,53.1,-0.01,0.4299999999999997,-0.6700000000000017,Slowdown
2006-04-01,53.03,0.1,-0.07000000000000028,-0.8900000000000006,Expansion
2006-05-01,52.55,0.14,-0.480000000000004,-0.12000000000000455,Expansion
2006-06-01,52.6,-0.02,0.05000000000000426,-0.5,Slowdown
2006-07-01,52.69,-0.03,0.0899999999999963,-0.3400000000000034,Slowdown
2006-08-01,52.95,-0.03,0.2600000000000051,0.4000000000000057,Slowdown
2006-09-01,54.28,-0.05,1.3299999999999983,1.6799999999999997,Slowdown
2006-10-01,52.24,-0.07,-2.039999999999999,-0.44999999999999574,Slowdown
2006-11-01,51.37,-0.15,-0.8700000000000045,-1.5800000000000054,Slowdown
2006-12-01,52.76,-0.11,1.3900000000000006,-1.5200000000000031,Slowdown
2007-01-01,51.61,-0.12,-1.1499999999999986,-0.6300000000000026,Slowdown
2007-02-01,52.24,-0.13,0.6300000000000026,0.8700000000000045,Slowdown
2007-03-01,53.2,-0.01,0.9600000000000009,0.44000000000000483,Slowdown
2007-04-01,53.49,0.03,0.28999999999999915,1.8800000000000026,Expansion
2007-05-01,53.73,-0.02,0.23999999999999488,1.4899999999999949,Slowdown
2007-06-01,53.84,0.12,0.11000000000000654,0.6400000000000006,Expansion
2007-07-01,54.2,0.19,0.35999999999999943,0.7100000000000009,Expansion
2007-08-01,53.13,0.36,-1.0700000000000003,-0.5999999999999943,Expansion
2007-09-01,53.34,0.51,0.21000000000000085,-0.5,Expansion
2007-10-01,53.71,0.56,0.36999999999999744,-0.490000000000002,Expansion
2007-11-01,54.15,0.81,0.4399999999999977,1.019999999999996,Expansion
2007-12-01,52.72,0.98,-1.4299999999999997,-0.6200000000000045,Expansion
2008-01-01,52.83,1.27,0.10999999999999943,-0.8800000000000026,Expansion
2008-02-01,51.71,1.76,-1.1199999999999974,-2.4399999999999977,Expansion
2008-03-01,50.44,1.89,-1.2700000000000031,-2.280000000000001,Expansion
2008-04-01,48.82,1.63,-1.6199999999999974,-4.009999999999998,Contraction
2008-05-01,48.27,1.43,-0.5499999999999972,-3.4399999999999977,Recovery
2008-06-01,47.18,1.33,-1.0900000000000034,-3.259999999999998,Recovery
2008-07-01,46.16,1.43,-1.0200000000000031,-2.6600000000000037,Recovery
2008-08-01,45.15,1.47,-1.009999999999998,-3.1200000000000045,Recovery
2008-09-01,41.44,1.61,-3.710000000000001,-5.740000000000002,Contraction
2008-10-01,41.03,2.2,-0.4099999999999966,-5.1299999999999955,Contraction
2008-11-01,38.26,2.31,-2.770000000000003,-6.890000000000001,Contraction
2008-12-01,35.11,1.6,-3.1499999999999986,-6.329999999999998,Contraction
2009-01-01,32.51,1.71,-2.6000000000000014,-8.520000000000003,Contraction
2009-02-01,33.15,1.89,0.6400000000000006,-5.109999999999999,Contraction
2009-03-01,32.02,1.89,-1.1299999999999955,-3.0899999999999963,Contraction
2009-04-01,32.25,2.0,0.22999999999999687,-0.259999999999998,Contraction
2009-05-01,31.81,2.36,-0.4400000000000013,-1.3399999999999999,Contraction
2009-06-01,32.09,2.54,0.2800000000000047,0.07000000000000028,Contraction
2009-07-01,34.26,2.54,2.1699999999999946,2.009999999999998,Contraction
2009-08-01,36.35,2.47,2.0900000000000034,4.540000000000003,Contraction
2009-09-01,40.52,2.45,4.170000000000002,8.43,Contraction
2009-10-01,41.12,2.44,0.5999999999999943,6.859999999999999,Contraction
2009-11-01,44.51,2.6,3.3900000000000006,8.159999999999997,Contraction
2009-12-01,47.8,2.72,3.289999999999999,7.279999999999994,Recovery
2010-01-01,52.29,2.8,4.490000000000002,11.170000000000002,Expansion
2010-02-01,52.35,2.83,0.060000000000002274,7.840000000000003,Expansion
2010-03-01,55.53,2.77,3.1799999999999997,7.730000000000004,Expansion
2010-04-01,57.2,2.79,1.6700000000000017,4.910000000000004,Expansion
2010-05-01,59.77,2.59,2.5700000000000003,7.420000000000002,Expansion
2010-06-01,60.06,2.48,0.28999999999999915,4.530000000000001,Expansion
2010-07-01,58.88,2.39,-1.1799999999999997,1.6799999999999997,Expansion
2010-08-01,57.84,2.18,-1.0399999999999991,-1.9299999999999997,Expansion
2010-09-01,56.82,2.17,-1.0200000000000031,-3.240000000000002,Expansion
2010-10-01,56.77,2.16,-0.04999999999999716,-2.1099999999999994,Expansion
2010-11-01,55.75,2.31,-1.0200000000000031,-2.0900000000000034,Expansion
2010-12-01,56.37,2.67,0.6199999999999974,-0.45000000000000284,Expansion
2011-01-01,55.25,2.78,-1.1199999999999974,-1.5200000000000031,Expansion
2011-02-01,55.41,2.8,0.1599999999999966,-0.3400000000000034,Expansion
2011-03-01,54.75,2.72,-0.6599999999999966,-1.6199999999999974,Expansion
2011-04-01,53.26,2.72,-1.490000000000002,-1.990000000000002,Expansion
2011-05-01,51.93,2.61,-1.3299999999999983,-3.479999999999997,Expansion
2011-06-01,52.16,2.59,0.22999999999999687,-2.5900000000000034,Expansion
2011-07-01,52.2,2.6,0.04000000000000625,-1.0599999999999952,Expansion
2011-08-01,52.52,2.07,0.3200000000000003,0.5900000000000034,Expansion
2011-09-01,52.66,1.76,0.13999999999999346,0.5,Expansion
2011-10-01,53.19,1.87,0.5300000000000011,0.9899999999999949,Expansion
2011-11-01,52.83,1.76,-0.35999999999999943,0.30999999999999517,Expansion
2011-12-01,52.99,1.72,0.1600000000000037,0.3300000000000054,Expansion
2012-01-01,53.82,1.73,0.8299999999999983,0.6300000000000026,Expansion
2012-02-01,54.06,1.69,0.240000000000002,1.230000000000004,Expansion
2012-03-01,52.81,1.83,-1.25,-0.17999999999999972,Expansion
2012-04-01,53.95,1.76,1.1400000000000006,0.13000000000000256,Expansion
2012-05-01,53.68,1.52,-0.2700000000000031,-0.38000000000000256,Expansion
2012-06-01,53.89,1.33,0.21000000000000085,1.0799999999999983,Expansion
2012-07-01,53.1,1.28,-0.7899999999999991,-0.8500000000000014,Expansion
2012-08-01,52.42,1.41,-0.6799999999999997,-1.259999999999998,Expansion
2012-09-01,51.95,1.47,-0.46999999999999886,-1.9399999999999977,Expansion
2012-10-01,51.26,1.47,-0.6900000000000048,-1.8400000000000034,Expansion
2012-11-01,52.06,1.39,0.8000000000000043,-0.35999999999999943,Expansion
2012-12-01,52.09,1.46,0.030000000000001137,0.14000000000000057,Expansion
2013-01-01,50.97,1.65,-1.1200000000000045,-0.28999999999999915,Expansion
2013-02-01,50.99,1.72,0.020000000000003126,-1.0700000000000003,Expansion
2013-03-01,51.45,1.7,0.46000000000000085,-0.6400000000000006,Expansion
2013-04-01,50.59,1.53,-0.8599999999999994,-0.37999999999999545,Expansion
2013-05-01,51.13,1.68,0.5399999999999991,0.14000000000000057,Expansion
2013-06-01,51.04,1.97,-0.09000000000000341,-0.4100000000000037,Expansion
2013-07-01,50.34,2.24,-0.6999999999999957,-0.25,Expansion
2013-08-01,51.33,2.38,0.9899999999999949,0.19999999999999574,Expansion
2013-09-01,51.56,2.41,0.23000000000000398,0.5200000000000031,Expansion
2013-10-01,51.93,2.28,0.36999999999999744,1.5899999999999963,Expansion
2013-11-01,51.34,2.41,-0.5899999999999963,0.010000000000005116,Expansion
2013-12-01,50.44,2.56,-0.9000000000000057,-1.1200000000000045,Expansion
2014-01-01,49.57,2.46,-0.8699999999999974,-2.3599999999999994,Recovery
2014-02-01,50.04,2.38,0.46999999999999886,-1.3000000000000043,Expansion
2014-03-01,51.01,2.32,0.9699999999999989,0.5700000000000003,Expansion
2014-04-01,51.33,2.29,0.3200000000000003,1.759999999999998,Expansion
2014-05-01,51.32,2.17,-0.00999999999999801,1.2800000000000011,Expansion
2014-06-01,51.39,2.15,0.07000000000000028,0.38000000000000256,Expansion
2014-07-01,52.75,2.04,1.3599999999999994,1.4200000000000017,Expansion
2014-08-01,51.31,1.95,-1.4399999999999977,-0.00999999999999801,Expansion
2014-09-01,51.33,1.97,0.01999999999999602,-0.060000000000002274,Expansion
2014-10-01,51.01,1.86,-0.3200000000000003,-1.740000000000002,Expansion
2014-11-01,51.72,1.8,0.7100000000000009,0.4099999999999966,Expansion
2014-12-01,51.72,1.57,0.0,0.39000000000000057,Expansion
2015-01-01,52.19,1.33,0.46999999999999886,1.1799999999999997,Expansion
2015-02-01,50.5,1.36,-1.6899999999999977,-1.2199999999999989,Expansion
2015-03-01,49.93,1.4,-0.5700000000000003,-1.7899999999999991,Recovery
2015-04-01,49.91,1.4,-0.020000000000003126,-2.280000000000001,Recovery
2015-05-01,49.67,1.59,-0.23999999999999488,-0.8299999999999983,Recovery
2015-06-01,48.95,1.68,-0.7199999999999989,-0.9799999999999969,Recovery
2015-07-01,49.21,1.66,0.259999999999998,-0.6999999999999957,Recovery
2015-08-01,49.49,1.47,0.28000000000000114,-0.17999999999999972,Recovery
2015-09-01,49.21,1.46,-0.28000000000000114,0.259999999999998,Recovery
2015-10-01,49.14,1.43,-0.07000000000000028,-0.07000000000000028,Recovery
2015-11-01,48.17,1.38,-0.9699999999999989,-1.3200000000000003,Recovery
2015-12-01,48.11,1.26,-0.060000000000002274,-1.1000000000000014,Recovery
2016-01-01,49.12,1.19,1.009999999999998,-0.020000000000003126,Recovery
2016-02-01,49.53,1.05,0.4100000000000037,1.3599999999999994,Recovery
2016-03-01,49.16,1.01,-0.37000000000000455,1.0499999999999972,Recovery
2016-04-01,49.07,1.04,-0.0899999999999963,-0.04999999999999716,Recovery
2016-05-01,48.97,0.99,-0.10000000000000142,-0.5600000000000023,Recovery
2016-06-01,49.62,0.91,0.6499999999999986,0.46000000000000085,Recovery
2016-07-01,48.92,0.83,-0.6999999999999957,-0.14999999999999858,Recovery
2016-08-01,48.79,0.82,-0.13000000000000256,-0.17999999999999972,Recovery
2016-09-01,49.22,0.86,0.4299999999999997,-0.3999999999999986,Recovery
2016-10-01,49.48,0.92,0.259999999999998,0.5599999999999952,Recovery
2016-11-01,49.64,1.16,0.1600000000000037,0.8500000000000014,Recovery
2016-12-01,49.91,1.3,0.269999999999996,0.6899999999999977,Recovery
2017-01-01,49.64,1.23,-0.269999999999996,0.1600000000000037,Recovery
2017-02-01,49.86,1.22,0.21999999999999886,0.21999999999999886,Recovery
2017-03-01,49.58,1.17,-0.28000000000000114,-0.3299999999999983,Recovery
2017-04-01,50.91,1.06,1.3299999999999983,1.269999999999996,Expansion
2017-05-01,50.82,1.0,-0.0899999999999963,0.9600000000000009,Expansion
2017-06-01,50.61,0.84,-0.21000000000000085,1.0300000000000011,Expansion
2017-07-01,50.19,0.95,-0.4200000000000017,-0.7199999999999989,Expansion
2017-08-01,50.45,0.87,0.2600000000000051,-0.36999999999999744,Expansion
2017-09-01,50.29,0.82,-0.1600000000000037,-0.3200000000000003,Expansion
2017-10-01,51.27,0.81,0.980000000000004,1.0800000000000054,Expansion
2017-11-01,51.46,0.66,0.18999999999999773,1.009999999999998,Expansion
2017-12-01,51.18,0.56,-0.28000000000000114,0.8900000000000006,Expansion
2018-01-01,50.7,0.55,-0.4799999999999969,-0.5700000000000003,Expansion
2018-02-01,51.7,0.68,1.0,0.240000000000002,Expansion
2018-03-01,51.98,0.57,0.27999999999999403,0.7999999999999972,Expansion
2018-04-01,51.49,0.48,-0.4899999999999949,0.7899999999999991,Expansion
2018-05-01,50.84,0.47,-0.6499999999999986,-0.8599999999999994,Expansion
2018-06-01,51.51,0.38,0.6699999999999946,-0.46999999999999886,Expansion
2018-07-01,51.97,0.28,0.46000000000000085,0.4799999999999969,Expansion
2018-08-01,52.37,0.25,0.3999999999999986,1.529999999999994,Expansion
2018-09-01,52.37,0.24,0.0,0.8599999999999994,Expansion
2018-10-01,50.91,0.29,-1.4600000000000009,-1.0600000000000023,Expansion
2018-11-01,50.57,0.26,-0.3399999999999963,-1.7999999999999972,Expansion
2018-12-01,51.2,0.16,0.6300000000000026,-1.1699999999999946,Expansion
2019-01-01,50.63,0.17,-0.5700000000000003,-0.27999999999999403,Expansion
2019-02-01,49.18,0.17,-1.4500000000000028,-1.3900000000000006,Recovery
2019-03-01,49.0,0.16,-0.17999999999999972,-2.200000000000003,Recovery
2019-04-01,47.63,0.19,-1.3699999999999974,-3.0,Recovery
2019-05-01,48.43,0.19,0.7999999999999972,-0.75,Recovery
2019-06-01,48.09,0.26,-0.3399999999999963,-0.9099999999999966,Recovery
2019-07-01,47.34,0.22,-0.75,-0.28999999999999915,Recovery
2019-08-01,47.76,0.06,0.4199999999999946,-0.6700000000000017,Recovery
2019-09-01,46.92,0.05,-0.8399999999999963,-1.1700000000000017,Recovery
2019-10-01,46.48,0.16,-0.44000000000000483,-0.8600000000000065,Recovery
2019-11-01,47.54,0.2,1.0600000000000023,-0.21999999999999886,Recovery
2019-12-01,47.24,0.25,-0.29999999999999716,0.3200000000000003,Recovery
2020-01-01,47.75,0.24,0.509999999999998,1.2700000000000031,Recovery
2020-02-01,48.55,0.17,0.7999999999999972,1.009999999999998,Recovery
2020-03-01,44.32,0.42,-4.229999999999997,-2.9200000000000017,Contraction
2020-04-01,30.34,0.43,-13.98,-17.41,Contraction
2020-05-01,33.93,0.5,3.59,-14.619999999999997,Contraction
2020-06-01,40.18,0.54,6.25,-4.140000000000001,Contraction
2020-07-01,44.17,0.48,3.990000000000002,13.830000000000002,Contraction
2020-08-01,44.89,0.51,0.7199999999999989,10.96,Contraction
2020-09-01,45.65,0.54,0.759999999999998,5.469999999999999,Recovery
2020-10-01,47.43,0.64,1.7800000000000011,3.259999999999998,Recovery
2020-11-01,47.16,0.7,-0.2700000000000031,2.269999999999996,Recovery
2020-12-01,47.88,0.8,0.720000000000006,2.230000000000004,Recovery
2021-01-01,49.18,0.95,1.2999999999999972,1.75,Recovery
2021-02-01,44.85,1.14,-4.329999999999998,-2.309999999999995,Contraction
2021-03-01,52.45,1.46,7.600000000000001,4.57,Expansion
2021-04-01,71.33,1.47,18.879999999999995,22.15,Expansion
2021-05-01,67.42,1.47,-3.9099999999999966,22.57,Contraction
2021-06-01,58.88,1.32,-8.54,6.43,Contraction
2021-07-01,55.96,1.1,-2.9200000000000017,-15.369999999999997,Contraction
2021-08-01,53.85,1.07,-2.1099999999999994,-13.57,Contraction
2021-09-01,52.61,1.13,-1.240000000000002,-6.270000000000003,Contraction
2021-10-01,53.0,1.19,0.39000000000000057,-2.960000000000001,Expansion
2021-11-01,53.04,1.05,0.03999999999999915,-0.8100000000000023,Expansion
2021-12-01,52.11,0.78,-0.9299999999999997,-0.5,Expansion
2022-01-01,50.16,0.78,-1.9500000000000028,-2.8400000000000034,Expansion
2022-02-01,55.1,0.5,4.940000000000005,2.0600000000000023,Expansion
2022-03-01,52.37,0.22,-2.730000000000004,0.259999999999998,Expansion
2022-04-01,52.09,0.21,-0.27999999999999403,1.9300000000000068,Expansion
2022-05-01,50.54,0.28,-1.5500000000000043,-4.560000000000002,Contraction
2022-06-01,49.97,0.15,-0.5700000000000003,-2.3999999999999986,Recovery
2022-07-01,49.16,-0.14,-0.8100000000000023,-2.930000000000007,Contraction
2022-08-01,49.73,-0.35,0.5700000000000003,-0.8100000000000023,Contraction
2022-09-01,50.96,-0.34,1.230000000000004,0.990000000000002,Slowdown
2022-10-01,49.8,-0.39,-1.1600000000000037,0.6400000000000006,Contraction
2022-11-01,48.43,-0.61,-1.3699999999999974,-1.2999999999999972,Contraction
2022-12-01,46.82,-0.67,-1.6099999999999994,-4.140000000000001,Contraction
2023-01-01,49.47,-0.68,2.6499999999999986,-0.3299999999999983,Contraction
2023-02-01,48.94,-0.79,-0.5300000000000011,0.509999999999998,Contraction
2023-03-01,47.86,-0.64,-1.0799999999999983,1.0399999999999991,Contraction
2023-04-01,48.84,-0.56,0.980000000000004,-0.6299999999999955,Contraction
2023-05-01,49.1,-0.56,0.259999999999998,0.1600000000000037,Contraction
2023-06-01,48.96,-0.89,-0.14000000000000057,1.1000000000000014,Contraction
2023-07-01,49.27,-0.93,0.3100000000000023,0.4299999999999997,Contraction
2023-08-01,49.25,-0.73,-0.020000000000003126,0.14999999999999858,Contraction
2023-09-01,49.3,-0.64,0.04999999999999716,0.3399999999999963,Contraction
2023-10-01,48.52,-0.27,-0.779999999999994,-0.75,Contraction
2023-11-01,49.79,-0.38,1.269999999999996,0.5399999999999991,Contraction
2023-12-01,51.56,-0.44,1.7700000000000031,2.260000000000005,Slowdown
2024-01-01,48.27,-0.26,-3.289999999999999,-0.25,Contraction
2024-02-01,49.46,-0.34,1.1899999999999977,-0.3299999999999983,Contraction
2024-03-01,50.24,-0.38,0.7800000000000011,-1.3200000000000003,Slowdown
2024-04-01,48.76,-0.33,-1.480000000000004,0.4899999999999949,Contraction
2024-05-01,49.5,-0.37,0.740000000000002,0.03999999999999915,Contraction
2024-06-01,50.0,-0.43,0.5,-0.240000000000002,Contraction
2024-07-01,48.83,-0.25,-1.1700000000000017,0.07000000000000028,Contraction
2024-08-01,49.34,-0.09,0.5100000000000051,-0.1599999999999966,Contraction
2024-09-01,48.75,0.1,-0.5900000000000034,-1.25,Recovery
2024-10-01,48.61,0.12,-0.14000000000000057,-0.21999999999999886,Recovery
2024-11-01,48.43,0.1,-0.17999999999999972,-0.9100000000000037,Recovery
2024-12-01,48.88,0.17,0.45000000000000284,0.13000000000000256,Recovery
2025-01-01,50.02,0.36,1.1400000000000006,1.4100000000000037,Expansion
2025-02-01,50.0,0.24,-0.020000000000003126,1.5700000000000003,Recovery
2025-03-01,50.31,0.31,0.3100000000000023,1.4299999999999997,Expansion
2025-04-01,50.79,0.5,0.4799999999999969,0.769999999999996,Expansion
2025-05-01,50.15,0.5,-0.6400000000000006,0.14999999999999858,Expansion
2025-06-01,50.67,0.49,0.5200000000000031,0.35999999999999943,Expansion
2025-07-01,51.98,0.51,1.3099999999999952,1.1899999999999977,Expansion
2025-08-01,51.51,0.56,-0.46999999999999886,1.3599999999999994,Expansion
2025-09-01,52.04,0.55,0.5300000000000011,1.3699999999999974,Expansion
2025-10-01,51.85,0.54,-0.18999999999999773,-0.12999999999999545,Expansion
2025-11-01,51.47,0.54,-0.38000000000000256,-0.03999999999999915,Expansion
2025-12-01,50.87,0.64,-0.6000000000000014,-1.1700000000000017,Expansion
2026-01-01,51.37,0.68,0.5,-0.480000000000004,Expansion
2026-02-01,50.83,0.65,-0.5399999999999991,-0.6400000000000006,Expansion
2026-03-01,50.5,0.53,-0.3299999999999983,-0.36999999999999744,Expansion
2026-04-01,51.3,0.52,0.7999999999999972,-0.07000000000000028,Expansion
2026-05-01,51.49,0.49,0.19000000000000483,0.6600000000000037,Expansion
2026-06-01,51.15,0.36,-0.3400000000000034,0.6499999999999986,Expansion
