date,XLF,XLK,XLE,XLV,XLY,XLP,XLI,XLU,XLB
2005-01-01,-2.16,-5.64,3.39,-3.11,-4.28,1.17,-2.8,2.12,-3.06
2005-02-01,-0.67,0.15,16.78,3.01,-0.53,-0.13,1.16,2.14,7.88
2005-03-01,-3.8,-1.95,-1.91,-0.56,-1.17,-0.88,-0.04,1.11,-2.66
2005-04-01,0.18,-3.53,-5.41,3.48,-6.36,-1.04,-3.65,3.09,-7.13
2005-05-01,2.95,6.94,2.79,1.26,6.18,2.33,3.17,-0.07,-0.64
2005-06-01,1.25,-1.29,6.98,-0.53,-0.43,-1.93,-2.63,5.95,-2.0
2005-07-01,1.56,5.67,7.09,2.26,5.67,3.21,3.81,2.25,5.53
2005-08-01,-1.64,-0.95,6.39,-0.35,-3.29,-1.75,-2.36,0.65,-4.19
2005-09-01,0.86,0.24,6.29,-0.55,-2.84,1.41,1.68,4.23,0.77
2005-10-01,3.05,-2.3,-9.04,-3.06,-2.03,-0.47,-1.43,-6.4,0.22
2005-11-01,4.77,6.32,1.5,1.22,3.99,0.91,5.82,-0.16,7.66
2005-12-01,0.02,-3.07,1.8,3.46,-0.86,0.12,0.47,0.86,2.86
2006-01-01,0.88,3.35,14.61,1.29,1.78,0.17,0.29,2.42,4.82
2006-02-01,2.13,0.23,-9.23,1.15,0.72,0.86,3.11,1.31,-2.14
2006-03-01,0.29,2.26,4.24,-1.28,0.59,0.82,4.42,-4.63,4.66
2006-04-01,4.33,-1.31,5.04,-3.1,1.28,0.97,2.16,1.59,3.55
2006-05-01,-3.77,-6.5,-2.78,-2.1,-1.67,0.21,-1.71,1.63,-4.03
2006-06-01,-0.46,-0.49,2.54,0.03,-0.17,1.84,-0.13,2.29,0.52
2006-07-01,2.29,-2.61,3.35,5.46,-3.32,1.57,-5.68,4.8,-3.74
2006-08-01,1.18,7.02,-5.08,2.85,1.98,3.87,1.13,2.75,3.01
2006-09-01,4.03,4.03,-3.66,1.53,6.37,-0.05,3.82,-1.45,-0.01
2006-10-01,2.34,3.95,4.27,0.33,6.47,1.77,2.82,5.3,6.01
2006-11-01,0.71,2.84,8.58,-0.12,1.26,-0.85,2.45,2.65,4.35
2006-12-01,3.76,-0.54,-2.82,1.05,2.17,2.51,0.49,0.85,0.63
2007-01-01,0.93,2.02,-0.92,3.05,2.87,2.03,2.09,-0.35,4.05
2007-02-01,-3.05,-2.7,-2.05,-2.32,-2.99,-1.54,-1.12,5.3,2.68
2007-03-01,-0.47,1.0,6.29,0.2,-0.47,2.07,0.81,3.59,2.36
2007-04-01,3.87,4.72,5.13,7.31,2.37,2.81,4.64,4.91,1.5
2007-05-01,2.4,5.04,7.78,1.72,3.01,1.35,5.19,0.46,5.9
2007-06-01,-4.02,-0.12,1.3,-3.35,-1.75,-1.99,0.03,-4.75,-0.53
2007-07-01,-9.07,-0.2,0.01,-4.76,-5.92,-2.85,0.95,-3.99,-2.67
2007-08-01,2.58,1.92,1.2,2.29,0.62,2.36,0.03,1.58,-0.68
2007-09-01,2.44,3.78,7.4,3.12,-0.88,4.59,4.74,3.84,8.05
2007-10-01,-1.72,5.3,2.54,1.87,-0.49,1.54,-1.29,6.66,4.16
2007-11-01,-8.09,-7.54,-4.21,1.28,-5.46,2.75,-2.84,0.66,-5.04
2007-12-01,-5.83,1.99,8.28,-2.83,-4.95,-0.83,-0.13,-0.18,1.07
2008-01-01,0.73,-12.79,-12.29,-4.56,-0.37,-5.56,-5.52,-7.35,-4.2
2008-02-01,-11.36,-4.73,9.27,-2.67,-3.87,-0.26,-2.03,-4.11,2.3
2008-03-01,-2.94,1.16,-2.34,-4.54,-1.79,3.24,3.63,1.61,-1.41
2008-04-01,7.0,6.25,10.38,0.99,2.38,-0.75,2.94,5.11,5.33
2008-05-01,-6.95,6.51,5.2,1.91,2.73,3.04,0.88,3.59,5.2
2008-06-01,-17.45,-9.37,3.16,-4.23,-11.53,-5.7,-12.03,-0.75,-5.82
2008-07-01,6.76,-2.44,-15.91,4.48,0.18,2.43,0.79,-6.44,-3.24
2008-08-01,-0.97,1.79,0.34,2.07,6.91,2.7,2.74,-1.1,-1.56
2008-09-01,-6.25,-12.45,-14.93,-7.43,-8.2,-1.25,-12.07,-10.98,-15.48
2008-10-01,-21.92,-16.12,-18.8,-11.48,-17.63,-12.61,-18.25,-13.0,-22.4
2008-11-01,-18.48,-8.41,-2.18,-6.32,-10.84,-0.21,-8.22,4.19,-10.69
2008-12-01,0.37,1.59,-4.5,7.19,6.07,0.02,2.33,-2.4,-0.58
2009-01-01,-26.2,-4.74,-1.78,-1.21,-10.62,-7.21,-12.0,-0.17,-7.39
2009-02-01,-17.75,-3.81,-12.34,-12.39,-9.08,-8.08,-17.03,-12.53,-8.02
2009-03-01,17.08,11.18,3.76,6.01,12.7,4.25,8.82,1.9,15.36
2009-04-01,21.79,10.44,7.82,-0.12,18.52,4.27,18.07,1.17,15.58
2009-05-01,13.98,2.32,12.89,6.82,-0.73,5.09,3.35,3.56,5.84
2009-06-01,-1.79,3.64,-6.55,2.37,0.25,0.2,-1.7,5.37,-4.54
2009-07-01,8.87,8.18,5.35,5.93,9.49,6.66,8.74,3.76,12.87
2009-08-01,12.99,1.62,1.09,2.69,3.52,1.22,4.77,1.0,2.37
2009-09-01,1.95,4.63,5.84,0.62,5.35,3.31,5.83,1.38,4.22
2009-10-01,-5.96,-1.25,2.47,-2.09,-2.37,1.45,-3.99,-3.2,-5.17
2009-11-01,4.34,5.53,2.84,9.3,6.71,3.68,8.78,4.83,10.77
2009-12-01,-1.41,5.8,0.88,1.83,4.59,-0.22,1.67,5.47,2.07
2010-01-01,-1.53,-8.59,-4.4,0.68,-2.89,-1.02,-1.48,-4.8,-8.64
2010-02-01,3.53,3.48,3.01,0.38,5.57,3.17,5.33,-1.32,4.51
2010-03-01,8.9,6.84,2.82,2.67,7.81,3.77,8.69,2.69,7.92
2010-04-01,1.32,1.26,4.16,-3.89,6.03,-1.07,4.26,2.63,0.21
2010-05-01,-9.16,-7.48,-11.45,-6.51,-7.04,-4.63,-9.12,-5.52,-9.53
2010-06-01,-5.73,-5.4,-5.93,-1.82,-9.72,-2.53,-6.88,-0.7,-7.33
2010-07-01,6.52,7.45,8.37,1.31,7.93,5.8,10.43,7.47,12.83
2010-08-01,-7.82,-5.61,-4.9,-1.65,-3.98,-1.85,-6.93,1.45,-3.03
2010-09-01,6.06,11.66,10.0,9.06,11.02,6.04,11.53,2.89,7.75
2010-10-01,1.46,5.78,5.67,2.23,5.54,3.19,2.88,1.08,6.16
2010-11-01,-0.69,-1.64,5.86,-2.89,2.52,-1.56,1.34,-3.03,1.12
2010-12-01,10.7,5.56,9.32,4.6,4.1,4.4,7.48,3.11,10.04
2011-01-01,2.82,3.18,7.18,0.57,-0.61,-1.47,3.93,1.21,0.08
2011-02-01,2.74,2.19,7.37,3.13,6.0,2.91,2.12,1.23,2.65
2011-03-01,-2.48,-1.55,1.88,1.81,-0.58,1.25,2.23,0.23,1.75
2011-04-01,-0.06,2.61,0.92,6.43,3.84,5.35,2.73,4.05,2.12
2011-05-01,-3.3,-1.05,-4.19,2.47,-0.27,2.51,-2.76,2.14,-2.74
2011-06-01,-2.75,-2.48,-1.92,-1.12,-0.22,-2.66,-0.55,-0.14,-0.4
2011-07-01,-3.58,0.43,1.46,-3.97,-1.39,-1.28,-6.87,-0.93,-3.45
2011-08-01,-9.59,-5.31,-10.22,-2.11,-5.25,0.19,-6.57,2.17,-7.02
2011-09-01,-11.39,-3.07,-14.42,-4.49,-6.9,-3.3,-9.31,0.22,-16.48
2011-10-01,14.31,10.21,19.14,5.77,11.93,4.65,14.37,3.66,17.34
2011-11-01,-5.11,-1.5,1.66,0.95,-0.72,2.77,1.41,1.03,0.2
2011-12-01,2.13,-0.23,-2.04,2.96,1.31,2.77,0.25,3.33,-2.28
2012-01-01,8.15,6.21,2.26,3.2,5.89,-1.42,7.32,-3.61,10.99
2012-02-01,4.98,7.1,5.93,1.06,4.53,3.75,2.79,0.61,-0.56
2012-03-01,7.39,4.51,-3.81,4.48,4.72,3.1,0.98,1.36,0.38
2012-04-01,-2.34,-1.13,-0.71,-0.27,1.15,0.29,-1.1,1.77,-0.81
2012-05-01,-9.2,-6.34,-10.68,-3.63,-5.5,-1.17,-6.32,0.56,-7.77
2012-06-01,5.0,3.26,4.81,5.71,1.94,3.64,3.37,4.11,4.91
2012-07-01,0.14,1.84,4.94,1.0,-0.55,2.47,0.39,2.51,-1.28
2012-08-01,3.41,4.2,2.7,1.17,4.62,-0.48,1.54,-4.14,2.32
2012-09-01,3.26,1.53,3.12,3.81,3.08,1.76,1.12,1.17,3.77
2012-10-01,1.99,-6.36,-2.03,-0.22,-1.54,-1.23,-0.11,1.4,-2.09
2012-11-01,-0.88,0.9,-1.22,0.52,3.17,1.84,1.75,-4.28,1.86
2012-12-01,4.65,-0.39,1.02,-0.36,0.45,-2.08,2.82,-0.02,3.19
2013-01-01,6.04,1.91,8.3,7.6,5.67,5.64,5.75,4.75,3.94
2013-02-01,1.21,0.78,0.44,1.26,1.6,3.31,2.22,2.32,-1.36
2013-03-01,3.87,2.58,2.54,6.21,4.38,4.93,2.37,5.37,2.21
2013-04-01,2.69,1.75,-1.31,3.0,3.04,2.94,-0.74,5.96,0.94
2013-05-01,6.1,2.79,2.85,1.65,2.77,-2.17,5.02,-9.05,1.9
2013-06-01,-1.57,-2.89,-2.27,-0.59,0.82,-0.3,-1.54,0.89,-4.11
2013-07-01,5.35,3.73,5.26,7.16,5.27,4.34,5.91,4.33,5.55
2013-08-01,-5.12,-1.04,-1.03,-3.53,-2.85,-4.54,-2.48,-4.99,-0.12
2013-09-01,2.82,2.53,2.11,3.21,5.42,1.37,5.87,1.15,4.43
2013-10-01,3.31,5.02,4.2,4.31,4.59,6.41,4.76,3.77,4.19
2013-11-01,4.42,3.09,0.06,4.72,3.45,1.56,3.66,-1.93,1.3
2013-12-01,2.25,3.53,2.87,0.74,2.28,0.69,4.22,0.91,4.9
2014-01-01,-3.66,-2.57,-5.8,0.94,-6.0,-5.17,-4.27,2.98,-4.72
2014-02-01,3.04,4.39,5.12,6.22,6.4,3.9,4.06,3.45,6.9
2014-03-01,3.33,0.43,2.11,-1.26,-2.87,2.19,0.96,3.35,0.83
2014-04-01,-1.7,0.28,5.25,-0.63,-1.36,2.74,1.34,4.22,0.82
2014-05-01,1.5,3.76,1.67,2.87,2.88,1.81,1.92,-1.09,2.96
2014-06-01,2.42,1.87,5.51,2.12,1.94,-0.25,0.47,4.44,1.61
2014-07-01,-1.45,1.69,-3.47,0.13,-1.27,-3.32,-4.13,-6.8,-1.99
2014-08-01,4.24,3.28,2.18,4.84,4.45,4.61,4.23,4.92,3.86
2014-09-01,-0.4,-0.52,-7.75,0.43,-2.77,0.59,-1.15,-1.87,-1.41
2014-10-01,2.89,1.6,-3.53,5.26,2.11,3.55,3.88,8.03,-2.4
2014-11-01,2.35,4.81,-8.69,3.48,5.45,5.54,3.08,1.17,1.57
2014-12-01,1.87,-2.18,-0.21,-1.4,0.89,-0.94,-0.02,3.57,-0.56
2015-01-01,-6.96,-3.51,-4.56,1.3,-2.99,-0.97,-3.55,2.33,-1.83
2015-02-01,5.82,7.99,4.59,4.29,8.54,4.14,5.35,-6.39,7.97
2015-03-01,-0.62,-3.44,-1.16,0.64,-0.48,-1.94,-2.55,-1.0,-4.9
2015-04-01,0.08,2.75,6.57,-1.09,-0.05,-0.76,-0.25,-0.47,3.36
2015-05-01,1.95,1.86,-5.19,4.5,1.31,0.87,0.32,0.63,0.38
2015-06-01,-0.46,-4.11,-3.48,-0.39,0.55,-1.83,-2.65,-5.98,-3.95
2015-07-01,3.4,2.85,-7.69,2.96,4.89,5.69,0.3,6.1,-5.04
2015-08-01,-7.06,-5.52,-4.25,-7.96,-6.53,-5.96,-5.4,-3.48,-5.64
2015-09-01,-2.81,-1.37,-7.19,-5.7,-0.59,0.39,-2.2,2.92,-7.42
2015-10-01,6.27,10.51,11.16,7.72,9.04,5.7,8.78,1.06,13.43
2015-11-01,1.99,0.71,-0.01,-0.32,-0.23,-0.92,0.87,-2.13,0.99
2015-12-01,-2.36,-2.08,-10.52,1.72,-2.84,2.92,-2.57,2.12,-4.34
2016-01-01,-8.85,-3.71,-3.5,-7.72,-5.18,0.53,-5.7,4.94,-10.71
2016-02-01,-2.9,-0.65,-2.8,-0.36,0.45,0.32,4.26,1.94,7.82
2016-03-01,7.16,8.82,10.17,2.71,6.7,4.74,6.97,7.98,7.57
2016-04-01,3.6,-5.03,9.06,2.97,0.13,-1.43,1.24,-2.42,5.11
2016-05-01,1.89,4.89,-0.93,2.24,0.05,0.69,-0.43,1.51,-0.34
2016-06-01,-3.23,-1.38,2.72,0.91,-1.14,5.36,0.71,7.63,-0.78
2016-07-01,3.46,7.1,-1.26,4.87,4.56,-0.82,3.62,-0.67,5.07
2016-08-01,3.85,1.16,1.68,-3.24,-1.3,-0.59,0.95,-5.54,-0.27
2016-09-01,-2.8,2.1,3.69,-0.51,-0.27,-1.55,0.19,0.36,-1.16
2016-10-01,2.28,-0.75,-2.82,-6.59,-2.42,-0.77,-2.0,0.9,-2.09
2016-11-01,14.03,0.17,8.47,2.06,4.8,-4.2,9.09,-5.42,6.82
2016-12-01,3.76,2.26,1.73,0.72,0.04,3.0,0.31,4.9,0.18
2017-01-01,0.26,3.56,-3.21,2.29,4.21,1.7,1.86,1.26,4.55
2017-02-01,5.28,4.53,-2.09,6.34,1.82,4.77,3.91,5.27,0.56
2017-03-01,-2.96,2.23,-1.49,-0.48,2.13,-0.42,-0.77,-0.14,0.62
2017-04-01,-0.84,2.01,-2.95,1.53,2.4,1.1,1.97,0.76,1.26
2017-05-01,-1.19,3.95,-3.54,0.77,1.1,2.65,1.78,4.14,0.02
2017-06-01,6.51,-2.81,-0.11,4.57,-1.26,-2.25,1.35,-2.71,1.85
2017-07-01,1.7,4.46,2.62,0.82,1.93,0.69,0.29,2.42,1.54
2017-08-01,-1.55,2.92,-5.48,1.75,-1.86,-1.1,0.22,3.29,0.79
2017-09-01,5.13,0.82,10.18,0.91,0.82,-0.71,4.18,-2.76,3.7
2017-10-01,2.86,6.51,-0.83,-0.76,2.12,-1.65,0.75,3.9,3.87
2017-11-01,3.46,1.41,1.75,2.91,5.07,5.58,4.17,2.69,0.95
2017-12-01,1.89,0.55,5.27,-0.55,2.46,2.25,2.11,-6.06,2.13
2018-01-01,6.56,7.04,3.58,6.56,9.24,1.63,5.37,-3.11,4.0
2018-02-01,-2.93,-0.41,-10.83,-4.49,-3.47,-7.63,-3.86,-3.88,-5.27
2018-03-01,-4.16,-3.73,1.72,-2.92,-2.38,-0.91,-2.69,3.8,-4.15
2018-04-01,-0.44,0.06,9.49,1.06,2.38,-4.14,-2.79,2.04,0.12
2018-05-01,-0.98,6.78,2.99,0.18,1.99,-1.57,3.07,-1.11,2.05
2018-06-01,-1.75,-0.26,0.57,1.65,3.62,4.57,-3.39,2.81,0.28
2018-07-01,5.11,2.09,1.55,6.55,1.8,3.96,7.39,1.6,2.86
2018-08-01,1.36,6.6,-3.48,4.33,5.1,0.39,0.23,1.29,-0.77
2018-09-01,-2.22,-0.02,2.45,2.95,0.53,0.99,2.18,-0.65,-1.8
2018-10-01,-4.71,-8.0,-11.33,-6.78,-10.1,2.0,-10.87,1.98,-9.18
2018-11-01,2.63,-1.96,-1.56,8.08,2.48,2.27,3.81,3.54,3.8
2018-12-01,-11.13,-8.38,-12.44,-9.35,-7.96,-8.91,-10.66,-3.99,-6.89
2019-01-01,8.9,6.94,11.21,4.81,9.87,5.14,11.43,3.48,5.6
2019-02-01,2.24,6.91,2.3,1.08,1.31,1.78,6.37,4.11,3.19
2019-03-01,-2.56,4.77,2.13,0.48,3.66,3.82,-1.15,2.79,1.25
2019-04-01,8.98,6.36,-0.02,-2.71,5.46,2.85,3.97,0.93,3.51
2019-05-01,-7.17,-8.66,-11.1,-2.22,-7.6,-3.64,-7.64,-0.78,-8.18
2019-06-01,6.65,8.94,9.4,6.59,7.82,5.22,7.92,3.19,11.56
2019-07-01,2.36,3.5,-1.59,-1.62,1.28,2.34,0.52,-0.13,-0.27
2019-08-01,-4.71,-1.54,-8.33,-0.59,-0.94,2.17,-2.65,5.09,-2.83
2019-09-01,4.54,1.57,3.93,-0.11,1.27,1.75,3.01,4.25,3.18
2019-10-01,2.5,3.9,-2.09,5.13,0.12,-0.42,1.13,-0.76,-0.02
2019-11-01,5.05,5.37,1.6,5.0,1.32,1.37,4.5,-1.87,3.18
2019-12-01,2.61,4.32,6.03,3.48,2.76,2.41,-0.2,3.29,2.86
2020-01-01,-2.66,3.99,-10.99,-2.67,-0.08,0.32,-0.44,6.75,-6.17
2020-02-01,-11.25,-7.3,-15.29,-6.59,-7.57,-8.21,-9.9,-9.86,-8.52
2020-03-01,-21.04,-8.58,-34.37,-3.89,-14.91,-5.53,-18.63,-10.0,-14.0
2020-04-01,9.46,13.74,30.76,12.59,18.88,6.96,8.81,3.34,15.19
2020-05-01,2.72,7.18,2.0,3.29,6.51,1.66,5.39,4.24,6.88
2020-06-01,-0.52,6.95,-1.1,-2.44,3.07,-0.22,1.97,-4.67,2.18
2020-07-01,3.85,5.68,-4.81,5.46,7.27,6.92,4.41,7.8,7.12
2020-08-01,4.29,11.88,-1.05,2.59,9.55,4.59,8.48,-2.6,4.36
2020-09-01,-3.42,-5.34,-14.61,-2.18,-1.86,-1.67,-0.68,1.08,1.51
2020-10-01,-0.87,-5.0,-4.11,-3.62,-2.73,-2.87,-1.44,5.05,-0.72
2020-11-01,16.85,11.38,27.99,7.95,10.0,7.47,16.03,0.74,12.36
2020-12-01,6.31,5.54,4.48,3.8,2.43,1.65,1.01,0.62,2.48
2021-01-01,-1.8,-0.84,3.75,1.4,0.77,-4.98,-4.27,-0.88,-2.42
2021-02-01,11.61,1.37,22.46,-2.1,-0.53,-1.23,6.89,-6.1,4.12
2021-03-01,5.85,1.84,2.97,4.03,4.46,8.5,8.99,10.55,7.59
2021-04-01,6.49,5.19,0.67,3.93,6.46,1.86,3.53,4.18,5.38
2021-05-01,4.77,-0.93,5.71,1.87,-3.4,1.77,3.13,-2.34,5.08
2021-06-01,-3.04,6.89,4.23,2.3,3.46,-0.54,-2.28,-2.21,-5.26
2021-07-01,-0.46,3.89,-8.32,4.92,1.05,2.2,0.94,4.33,2.08
2021-08-01,5.15,3.56,-2.0,2.32,1.78,1.05,1.11,3.9,1.89
2021-09-01,-1.84,-5.84,8.93,-5.52,-2.14,-4.14,-6.08,-6.09,-7.19
2021-10-01,7.27,8.18,10.33,5.12,12.09,3.5,6.8,4.74,7.6
2021-11-01,-5.71,4.45,-5.01,-3.06,1.64,-1.35,-3.56,-1.7,-0.55
2021-12-01,3.36,3.25,2.98,9.02,0.15,10.45,5.4,9.69,7.58
2022-01-01,0.03,-6.84,18.77,-6.86,-9.53,-1.48,-4.79,-3.26,-6.8
2022-02-01,-1.38,-4.88,7.07,-0.97,-4.07,-1.41,-0.84,-1.91,-1.27
2022-03-01,-0.13,3.35,9.34,5.74,4.43,1.78,3.44,10.35,6.12
2022-04-01,-9.94,-11.02,-1.69,-4.89,-11.96,2.31,-7.61,-4.3,-3.54
2022-05-01,2.78,-0.69,16.03,1.49,-5.12,-4.08,-0.46,4.31,1.18
2022-06-01,-10.86,-9.26,-17.07,-2.61,-10.83,-2.35,-7.37,-4.9,-13.86
2022-07-01,7.19,13.45,9.66,3.24,18.44,3.2,9.5,5.45,6.15
2022-08-01,-1.96,-6.21,2.65,-5.77,-4.5,-1.85,-2.83,0.53,-3.48
2022-09-01,-7.66,-11.97,-9.56,-2.54,-8.21,-8.13,-10.43,-11.28,-9.3
2022-10-01,11.92,7.65,24.97,9.61,1.11,9.01,13.89,1.94,8.93
2022-11-01,6.86,6.33,1.28,4.72,1.49,6.12,7.81,6.96,11.7
2022-12-01,-5.22,-8.21,-3.05,-1.88,-11.39,-2.73,-2.99,-0.49,-5.52
2023-01-01,6.9,9.26,2.81,-1.83,15.13,-1.09,3.71,-2.0,8.97
2023-02-01,-2.3,0.41,-6.94,-4.64,-2.13,-2.32,-0.86,-5.92,-3.33
2023-03-01,-9.55,10.86,0.01,2.2,3.06,4.22,0.62,4.91,-1.0
2023-04-01,3.17,-0.12,2.78,3.14,-1.12,3.65,-1.17,1.91,-0.14
2023-05-01,-4.25,8.92,-10.03,-4.27,2.54,-6.16,-3.15,-5.87,-6.87
2023-06-01,6.62,6.05,6.91,4.26,12.23,2.79,11.25,1.6,11.01
2023-07-01,4.81,2.58,7.77,1.07,2.31,2.13,2.89,2.49,3.44
2023-08-01,-2.69,-1.51,1.65,-0.7,-1.74,-3.95,-1.98,-6.13,-3.3
2023-09-01,-3.09,-6.48,2.4,-2.96,-5.53,-4.79,-5.95,-5.64,-4.78
2023-10-01,-2.44,0.05,-5.75,-3.26,-5.52,-1.38,-2.98,1.29,-3.17
2023-11-01,10.94,12.9,-0.72,5.44,10.97,4.13,8.83,5.14,8.35
2023-12-01,5.25,4.18,0.08,4.33,6.13,2.71,7.07,1.86,4.52
2024-01-01,3.09,2.7,-0.51,2.93,-4.41,1.24,-0.96,-2.97,-3.89
2024-02-01,4.08,4.7,3.27,3.16,7.89,2.1,7.18,1.06,6.51
2024-03-01,4.81,0.79,10.49,2.38,-0.06,3.32,4.42,6.59,6.47
2024-04-01,-4.18,-5.76,-0.94,-5.01,-4.5,-1.13,-3.52,1.66,-4.59
2024-05-01,3.17,7.08,-0.34,2.4,0.2,2.44,1.64,8.96,3.27
2024-06-01,-0.88,7.84,-1.41,1.82,3.88,-0.24,-0.99,-5.54,-3.06
2024-07-01,6.4,-3.28,2.26,2.66,2.79,1.66,4.92,6.82,4.34
2024-08-01,4.57,0.7,-2.07,5.06,-0.2,5.99,2.82,4.81,2.32
2024-09-01,-0.56,2.65,-3.02,-1.66,7.3,1.13,3.36,6.6,2.68
2024-10-01,2.56,-1.56,0.9,-4.64,-1.74,-3.47,-1.19,-1.08,-3.1
2024-11-01,10.46,5.17,7.83,0.37,12.91,3.87,7.59,3.78,1.49
2024-12-01,-5.46,-0.35,-9.58,-6.25,1.11,-4.82,-8.03,-7.97,-10.76
2025-01-01,6.5,-0.74,2.31,6.76,3.49,0.47,5.0,2.89,5.53
2025-02-01,1.38,-2.29,3.83,1.4,-6.98,5.19,-1.46,1.72,-0.03
2025-03-01,-4.2,-8.29,3.49,-1.58,-8.31,-1.18,-3.56,0.24,-2.67
2025-04-01,-2.11,1.69,-13.86,-3.79,-0.1,0.2,0.11,0.06,-2.43
2025-05-01,4.51,9.97,1.28,-5.57,8.38,1.22,8.84,3.83,2.92
2025-06-01,3.12,9.85,4.87,2.11,1.87,-1.57,3.61,0.37,2.22
2025-07-01,0.0,3.76,2.83,-3.23,1.89,-1.47,3.04,4.91,-0.09
2025-08-01,3.09,-0.11,3.65,5.37,4.66,1.25,0.0,-1.58,5.19
2025-09-01,0.11,7.53,-0.32,1.73,3.59,-2.32,1.88,4.12,-2.42
2025-10-01,-2.78,6.68,-1.35,3.65,0.12,-2.67,0.54,2.17,-4.41
2025-11-01,1.83,-4.81,2.63,9.29,-1.45,4.05,-0.88,1.72,4.35
2025-12-01,3.06,0.75,-0.3,-1.39,1.2,-1.34,1.28,-5.09,1.98
2026-01-01,-2.43,-0.06,14.18,-0.04,1.47,7.51,6.65,1.31,8.64
2026-02-01,-3.76,-3.56,9.54,3.53,-3.56,7.78,7.07,10.36,8.4
2026-03-01,-3.51,-4.1,10.27,-8.11,-6.56,-8.41,-8.44,-3.18,-6.02
2026-04-01,5.59,20.02,-2.63,-0.42,8.6,2.84,7.95,2.09,3.0
2026-05-01,-1.06,19.76,-5.63,2.38,2.13,-1.66,-0.83,-5.19,-0.62
2026-06-01,4.3,-0.14,-4.97,6.62,-2.78,0.89,7.25,2.72,-0.25
2026-07-01,6.21,-7.96,12.13,2.45,-1.01,2.38,-2.91,-2.18,-0.79
2026-08-01,1.33,5.98,-2.28,0.94,1.52,-0.24,2.69,-2.27,3.22
